recording,ambulances
sirens_test_01.mp3,0
sirens_test_02.mp3,0
sirens_test_03.mp3,1
sirens_test_04.mp3,1
sirens_test_05.mp3,1
sirens_test_06.mp3,0
sirens_test_07.mp3,0
sirens_test_08.mp3,0
sirens_test_09.mp3,0
sirens_test_10.mp3,0
sirens_test_11.mp3,0
sirens_test_12.mp3,0
sirens_test_13.mp3,0
sirens_test_14.mp3,0
sirens_test_15.mp3,0
sirens_test_16.mp3,0
sirens_test_17.mp3,0
sirens_test_18.mp3,0
sirens_test_19.mp3,0
sirens_test_20.mp3,0
sirens_test_21.mp3,0
sirens_test_22.mp3,0
sirens_test_23.mp3,0
sirens_test_24.mp3,0
sirens_test_25.mp3,0
sirens_test_26.mp3,0
sirens_test_27.mp3,0
sirens_test_28.mp3,0
sirens_test_29.mp3,1
sirens_test_30.mp3,1
sirens_test_31.mp3,0
sirens_test_32.mp3,0
sirens_test_33.mp3,0
sirens_test_34.mp3,0
sirens_test_35.mp3,1
sirens_test_36.mp3,1
sirens_test_37.mp3,1
sirens_test_38.mp3,1
sirens_test_39.mp3,1
sirens_test_40.mp3,1
sirens_test_41.mp3,1
sirens_test_42.mp3,1
sirens_test_43.mp3,1
sirens_test_44.mp3,1
sirens_test_45.mp3,1
sirens_test_46.mp3,1
sirens_test_47.mp3,1
sirens_test_48.mp3,1
sirens_test_49.mp3,1
sirens_test_50.mp3,1
unheard_test_01.mp3,0
unheard_test_02.mp3,0
unheard_test_03.mp3,0
unheard_test_04.mp3,0
unheard_test_05.mp3,0
unheard_test_06.mp3,0
unheard_test_07.mp3,0
unheard_test_08.mp3,0
unheard_test_09.mp3,0
unheard_test_10.mp3,0
unheard_test_11.mp3,0
unheard_test_12.mp3,0
unheard_test_13.mp3,0
unheard_test_14.mp3,0
unheard_test_15.mp3,0
unheard_test_16.mp3,0
unheard_test_17.mp3,0
unheard_test_18.mp3,0
unheard_test_19.mp3,0
unheard_test_20.mp3,0
unheard_test_21.mp3,0
unheard_test_22.mp3,0
unheard_test_23.mp3,0
unheard_test_24.mp3,0
unheard_test_25.mp3,0
unheard_test_26.mp3,0
unheard_test_27.mp3,0
unheard_test_28.mp3,0
unheard_test_29.mp3,0
unheard_test_30.mp3,0
unheard_test_31.mp3,0
unheard_test_32.mp3,0
unheard_test_33.mp3,0
unheard_test_34.mp3,0
unheard_test_35.mp3,0
unheard_test_36.mp3,0
unheard_test_37.mp3,0
unheard_test_38.mp3,0
unheard_test_39.mp3,0
unheard_test_40.mp3,0
unheard_test_41.mp3,0
unheard_test_42.mp3,0
unheard_test_43.mp3,0
unheard_test_44.mp3,0
unheard_test_45.mp3,0
unheard_test_46.mp3,0
unheard_test_47.mp3,0
unheard_test_48.mp3,0
unheard_test_49.mp3,0
unheard_test_50.mp3,0
